days,0,1
0,0.2652005174644243,0.3571725571725572
1,40.10306166451056,41.65613305613306
2,0.9912031047865459,1.029106029106029
3,1.0055196205260888,0.9987525987525988
4,1.030012936610608,1.051975051975052
5,1.035618801207417,1.0711018711018712
6,1.1058214747736093,1.140956340956341
7,1.0640793445450625,1.1634095634095634
8,1.1015955153083226,1.1654885654885654
9,1.1338507977576542,1.160914760914761
10,1.146356188012074,1.1604989604989604
11,1.171884432945235,1.2407484407484408
12,1.2099180681328159,1.2453222453222452
13,1.2394997843898232,1.2598752598752598
14,1.2313928417421303,1.3068607068607068
15,1.2745148771021992,1.2869022869022868
16,1.271927554980595,1.318918918918919
17,1.3166019836136265,1.3293139293139293
18,1.3385079775765416,1.4103950103950105
19,1.3638637343682622,1.4486486486486487
20,1.3736093143596377,1.4544698544698544
21,1.3975851660198362,1.5093555093555093
22,1.4353600689952566,1.511018711018711
23,1.4442432082794308,1.5072765072765073
24,1.4871065114273394,1.6091476091476091
25,1.5159982751185856,1.5654885654885655
26,1.5374730487279,1.5904365904365905
27,1.5453212591634324,1.66985446985447
28,1.585597240189737,1.6852390852390853
29,1.6048296679603278,1.7085239085239086
30,1.6175937904269082,1.7318087318087318
31,1.6526088831392842,1.7771309771309771
32,1.6698576972833117,1.7837837837837838
33,1.6752048296679602,1.812058212058212
34,1.7134109529969814,1.8054054054054054
35,1.7419577404053472,1.864864864864865
36,1.77498921949116,1.8943866943866945
37,1.7768003449762828,1.9056133056133056
38,1.8197498921949116,1.9875259875259876
39,1.8480379473911168,1.9987525987525987
40,1.8595084087968952,2.025779625779626
41,1.8940922811556706,2.0066528066528067
42,1.9228115567054764,2.0802494802494804
43,1.9635187580853817,2.1725571725571724
44,1.9741267787839587,2.1438669438669438
45,2.005605864596809,2.162993762993763
46,2.0254420008624408,2.1733887733887736
47,2.06865028029323,2.2
48,2.0670978870202674,2.2237006237006236
49,2.109357481673135,2.218711018711019
50,2.0986632169038377,2.3405405405405406
51,2.136351875808538,2.2993762993762994
52,2.1405778352738247,2.2785862785862787
53,2.2150927123760242,2.294386694386694
54,2.2472617507546357,2.4162162162162164
55,2.2541612764122467,2.411226611226611
56,2.284432945235015,2.4444906444906445
57,2.2966796032772745,2.4835758835758837
58,2.3171194480379476,2.497297297297297
59,2.3290211297973262,2.566735966735967
60,2.363777490297542,2.5114345114345116
61,2.3765416127641226,2.5775467775467775
62,2.382406209573092,2.617879417879418
63,2.426994394135403,2.5675675675675675
64,2.4285467874083655,2.6511434511434513
65,2.4791720569210867,2.706029106029106
66,2.4978870202673567,2.6291060291060293
67,2.4802069857697284,2.69022869022869
68,2.5301423027166883,2.7405405405405405
69,2.5398878827080638,2.77006237006237
70,2.5721431651573954,2.743035343035343
71,2.5952565761103923,2.8224532224532224
72,2.6063820612332904,2.8153846153846156
73,2.6539025442000863,2.745114345114345
74,2.6340664079344545,2.8985446985446988
75,2.677015955153083,2.821205821205821
76,2.663820612332902,2.893139293139293
77,2.6889176369124623,2.8923076923076922
78,2.7100474342388963,2.908108108108108
79,2.786200948684778,2.9975051975051974
80,2.791289348857266,2.974220374220374
81,2.754894351013368,3.0103950103950106
82,2.768003449762829,3.032016632016632
83,2.7959465286761533,2.970893970893971
84,2.845709357481673,3.044074844074844
85,2.8426908150064683,3.0652806652806652
86,2.8920224234583873,2.9991683991683993
87,2.866752910737387,3.0548856548856547
88,2.907718844329452,3.075259875259875
89,2.894351013367831,3.1047817047817046
90,2.889435101336783,3.0964656964656965
91,2.923760241483398,3.1663201663201663
92,2.9538594221647263,3.175051975051975
93,2.955670547649849,3.1600831600831603
94,2.947477360931436,3.1064449064449065
95,3.0008624407072015,3.177130977130977
96,2.939456662354463,3.234927234927235
97,3.013109098749461,3.1721413721413723
98,3.021302285467874,3.2852390852390854
99,3.0208710651142736,3.2282744282744282
100,3.0170763260025875,3.22993762993763
101,3.0584734799482534,3.2893970893970894
102,3.0533850797757656,3.321829521829522
103,3.047951703320397,3.2523908523908522
104,3.061923242777059,3.291060291060291
105,3.0984044846916774,3.3347193347193347
106,3.090038809831824,3.34012474012474
107,3.078137128072445,3.2972972972972974
108,3.110737386804657,3.321829521829522
109,3.1284174213022853,3.2997920997921
110,3.1297973264338075,3.334303534303534
111,3.133074601121173,3.30977130977131
112,3.1303147908581286,3.3114345114345114
113,3.133247089262613,3.301039501039501
114,3.146873652436395,3.3604989604989606
115,3.1276412246658043,3.3351351351351353
116,3.1567054764984905,3.3035343035343034
117,3.1497197067701594,3.3031185031185033
118,3.1751617076326,3.3663201663201665
119,3.1747304872789996,3.3808731808731807
120,3.177490297542044,3.3376299376299374
121,3.1902544200086242,3.3925155925155925
122,3.165674859853385,3.387110187110187
123,3.1650711513583443,3.3051975051975053
124,3.1894782233721433,3.3372141372141373
125,3.188788270806382,3.3563409563409565
126,3.1755929279862007,3.36964656964657
127,3.180767572229409,3.4187110187110186
128,3.192410521776628,3.3313929313929314
129,3.178094006037085,3.3804573804573805
130,3.20629581716257,3.3804573804573805
131,3.1602414833980164,3.362993762993763
132,3.179818887451488,3.3613305613305613
133,3.23130659767141,3.3609147609147607
134,3.1809400603708493,3.3434511434511434
135,3.1779215178956446,3.375051975051975
136,3.18102630444157,3.3388773388773387
137,3.1508408796895213,3.343035343035343
138,3.155584303579129,3.2827442827442828
139,3.1629150495903406,3.338045738045738
140,3.1589478223372143,3.377962577962578
141,3.1639499784389824,3.294386694386694
142,3.1673134971970676,3.291060291060291
143,3.1440275981026304,3.2877338877338875
144,3.1403191030616644,3.311018711018711
145,3.170590771884433,3.34968814968815
146,3.133160845191893,3.3189189189189188
147,3.144976282880552,3.328066528066528
148,3.117981888745149,3.258212058212058
149,3.1210004312203536,3.322245322245322
150,3.109529969814575,3.3002079002079
151,3.126088831392842,3.2586278586278588
152,3.1103924105217766,3.3002079002079
153,3.0773609314359636,3.246153846153846
154,3.096938335489435,3.25031185031185
155,3.0764122466580424,3.274844074844075
156,3.07503234152652,3.2316008316008316
157,3.083742992669254,3.296049896049896
158,3.069340232858991,3.2137214137214136
159,3.046313065976714,3.2037422037422036
160,3.0378611470461405,3.212889812889813
161,3.0189736955584303,3.1821205821205822
162,3.005778352738249,3.138045738045738
163,3.0165588615782664,3.1047817047817046
164,2.984993531694696,3.1538461538461537
165,3.001983613626563,3.0914760914760913
166,2.9828374299266924,3.1197505197505198
167,2.9927554980595086,3.133056133056133
168,2.954980595084088,3.0885654885654885
169,2.954290642518327,3.108939708939709
170,2.9359206554549373,3.0174636174636174
171,2.938076757222941,3.098960498960499
172,2.908150064683053,3.0195426195426194
173,2.9116860715825785,3.0503118503118505
174,2.89995687796464,3.008316008316008
175,2.8815868909012505,3.075675675675676
176,2.8809831824062098,3.038253638253638
177,2.8675291073738682,2.9654885654885654
178,2.8445881845623116,3.022037422037422
179,2.813022854678741,3.0274428274428273
180,2.1015955153083223,2.2644490644490642
