days,chiqim,kirim
0,0.068,0.213
1,10.049357142857144,30.3205
2,0.24742857142857144,0.7502857142857143
3,0.24221428571428572,0.7621428571428571
4,0.2525,0.7812857142857143
5,0.25342857142857145,0.7882857142857143
6,0.27464285714285713,0.8372142857142857
7,0.26307142857142857,0.8180714285714286
8,0.26757142857142857,0.845
9,0.28135714285714286,0.8571428571428571
10,0.28414285714285714,0.8646428571428572
11,0.2867142857142857,0.897
12,0.2922142857142857,0.9237857142857143
13,0.30314285714285716,0.9398571428571428
14,0.3107857142857143,0.9335714285714286
15,0.3055,0.9711428571428572
16,0.30364285714285716,0.9763571428571428
17,0.32221428571428573,0.9965714285714286
18,0.3319285714285714,1.0189285714285714
19,0.3375,1.0409285714285714
20,0.3447857142857143,1.0427142857142857
21,0.34835714285714287,1.0684285714285715
22,0.35135714285714287,1.097
23,0.36064285714285715,1.0944285714285715
24,0.3757857142857143,1.1322857142857143
25,0.37257142857142855,1.1519285714285714
26,0.37642857142857145,1.1701428571428572
27,0.37514285714285717,1.1915714285714285
28,0.39071428571428574,1.212
29,0.4015,1.221142857142857
30,0.4055,1.2317142857142858
31,0.4127142857142857,1.2612857142857143
32,0.4150714285714286,1.274357142857143
33,0.41928571428571426,1.2794285714285714
34,0.42114285714285715,1.3080714285714286
35,0.43157142857142855,1.3315
36,0.4524285714285714,1.3430714285714285
37,0.43957142857142856,1.359357142857143
38,0.455,1.3935714285714285
39,0.4602142857142857,1.4137142857142857
40,0.4639285714285714,1.4241428571428572
41,0.471,1.4424285714285714
42,0.4759285714285714,1.4739285714285715
43,0.48892857142857143,1.5105
44,0.48907142857142855,1.5142142857142857
45,0.49857142857142855,1.5340714285714285
46,0.49042857142857144,1.5604285714285715
47,0.5142142857142857,1.577
48,0.5183571428571428,1.5756428571428571
49,0.5206428571428572,1.6075
50,0.521,1.6192142857142857
51,0.5369285714285714,1.6274285714285714
52,0.5167142857142857,1.6475714285714285
53,0.5315714285714286,1.697142857142857
54,0.5441428571428572,1.7321428571428572
55,0.5442142857142858,1.7369285714285714
56,0.5632142857142857,1.7487142857142857
57,0.5683571428571429,1.7604285714285715
58,0.5707857142857143,1.7772857142857144
59,0.5758571428571428,1.794
60,0.5802142857142857,1.8089285714285714
61,0.5906428571428571,1.8204285714285715
62,0.5917142857142857,1.8311428571428572
63,0.5957857142857143,1.855357142857143
64,0.5989285714285715,1.8678571428571429
65,0.6190714285714286,1.8990714285714285
66,0.6075714285714285,1.9128571428571428
67,0.6086428571428572,1.9076428571428572
68,0.6245714285714286,1.9417142857142857
69,0.6265714285714286,1.9528571428571428
70,0.6336428571428572,1.9678571428571427
71,0.6535,1.9807857142857144
72,0.6364285714285715,2.005857142857143
73,0.6507857142857143,2.0187857142857144
74,0.6546428571428572,2.024857142857143
75,0.6558571428571428,2.0459285714285715
76,0.6608571428571428,2.042357142857143
77,0.6617857142857143,2.0620714285714286
78,0.6713571428571429,2.0727142857142855
79,0.6884285714285714,2.1340714285714286
80,0.6835,2.1392142857142855
81,0.6818571428571428,2.1169285714285713
82,0.6898571428571428,2.1235
83,0.6892142857142857,2.1367857142857143
84,0.7165,2.1632857142857143
85,0.6925,2.1884285714285716
86,0.7142857142857143,2.196142857142857
87,0.6961428571428572,2.2029285714285716
88,0.7255,2.211
89,0.7136428571428571,2.2168571428571426
90,0.7087857142857142,2.216214285714286
91,0.7237142857142858,2.2417142857142855
92,0.7160714285714286,2.275785714285714
93,0.7237857142857143,2.267
94,0.7199285714285715,2.254857142857143
95,0.7431428571428571,2.288
96,0.7215714285714285,2.268642857142857
97,0.7347142857142858,2.3057142857142856
98,0.7421428571428571,2.3245
99,0.7447857142857143,2.311714285714286
100,0.7392857142857143,2.314357142857143
101,0.7471428571428571,2.351
102,0.7465714285714286,2.3529285714285715
103,0.7505,2.3325714285714287
104,0.7585,2.3427857142857142
105,0.7685714285714286,2.3704285714285716
106,0.7592857142857142,2.3737142857142857
107,0.7469285714285714,2.3688571428571428
108,0.7607857142857143,2.386214285714286
109,0.7625714285714286,2.3952857142857145
110,0.7679285714285714,2.397
111,0.7586428571428572,2.404785714285714
112,0.7654285714285715,2.396
113,0.7722142857142857,2.3898571428571427
114,0.7833571428571429,2.4002142857142856
115,0.7705714285714286,2.392714285714286
116,0.7775,2.4044285714285714
117,0.7637857142857143,2.4122857142857144
118,0.7864285714285715,2.4215714285714287
119,0.7745714285714286,2.4355714285714285
120,0.7624285714285715,2.4425714285714286
121,0.7838571428571428,2.4411428571428573
122,0.7886428571428571,2.4150714285714288
123,0.7678571428571429,2.4212857142857143
124,0.7739285714285714,2.4409285714285716
125,0.7871428571428571,2.4304285714285716
126,0.778,2.4309285714285713
127,0.7767142857142857,2.4449285714285716
128,0.7804285714285715,2.435857142857143
129,0.7825,2.430357142857143
130,0.7735,2.4627142857142856
131,0.7827142857142857,2.4123571428571426
132,0.7917857142857143,2.4192142857142858
133,0.7811428571428571,2.4724285714285714
134,0.7891428571428571,2.419714285714286
135,0.7762857142857142,2.4355
136,0.7734285714285715,2.4347142857142856
137,0.7739285714285714,2.4099285714285714
138,0.7595,2.4179285714285714
139,0.767,2.426
140,0.7739285714285714,2.4226428571428573
141,0.7743571428571429,2.412
142,0.7812142857142857,2.4073571428571428
143,0.7714285714285715,2.3972857142857142
144,0.7734285714285715,2.3962142857142856
145,0.7736428571428572,2.427714285714286
146,0.7711428571428571,2.3939285714285714
147,0.7725,2.4039285714285716
148,0.7527142857142857,2.389357142857143
149,0.7745,2.3810714285714285
150,0.7482142857142857,2.3940714285714284
151,0.7679285714285714,2.3809285714285715
152,0.7496428571428572,2.393357142857143
153,0.7542142857142857,2.3521428571428573
154,0.7482142857142857,2.3750714285714287
155,0.7552857142857143,2.3552142857142857
156,0.7599285714285714,2.342
157,0.7535,2.3667142857142855
158,0.7522142857142857,2.3419285714285714
159,0.7350714285714286,2.338285714285714
160,0.7481428571428571,2.319785714285714
161,0.7305,2.3165
162,0.7379285714285714,2.2905714285714285
163,0.7402857142857143,2.2914285714285714
164,0.7268571428571429,2.287142857142857
165,0.7284285714285714,2.2889285714285714
166,0.7353571428571428,2.271
167,0.7306428571428571,2.2862142857142858
168,0.7284285714285714,2.2495
169,0.707,2.273857142857143
170,0.7088571428571429,2.2410714285714284
171,0.7202857142857143,2.2454285714285716
172,0.6942142857142857,2.2330714285714284
173,0.7119285714285715,2.2235714285714288
174,0.7083571428571429,2.2102142857142857
175,0.7069285714285715,2.208
176,0.7042857142857143,2.2037142857142857
177,0.6932857142857143,2.1910714285714286
178,0.6902142857142857,2.184857142857143
179,0.6862857142857143,2.1635714285714287
180,0.5090714285714286,1.6205
